,id,date,likes,content,username,media,inferred company,captions
299900,299901,2020-01-09 12:31:00,216,We asked Americans to point out Iran on a map and this is how it went <hyperlink>,Independent,"[Video(thumbnailUrl='https://pbs.twimg.com/media/EN1m8OAWsAER8_E.jpg', variants=[VideoVariant(contentType='video/mp4', url='https://video.twimg.com/amplify_video/1215240199376199680/vid/720x720/dc_v-ovaluSQNEPR.mp4?tag=13', bitrate=1280000), VideoVariant(contentType='application/x-mpegURL', url='https://video.twimg.com/amplify_video/1215240199376199680/pl/o0qanc7lEJYJawvg.m3u8?tag=13', bitrate=None), VideoVariant(contentType='video/mp4', url='https://video.twimg.com/amplify_video/1215240199376199680/vid/320x320/ekyakLFRMkPa9HJX.mp4?tag=13', bitrate=432000), VideoVariant(contentType='video/mp4', url='https://video.twimg.com/amplify_video/1215240199376199680/vid/480x480/L-Ldiv139la5PPQU.mp4?tag=13', bitrate=832000)], duration=107.96, views=47689)]",independent,There is nothing here
299901,299902,2018-04-11 14:00:01,66,"#ExcelTips: Use Control + Shift + the number sign (#) to apply the Date format with the day, month, and year. Discover more short cuts here: <hyperlink> <hyperlink>",msexcel,"[Photo(previewUrl='https://pbs.twimg.com/media/DagdInFWsAA8pzi?format=jpg&name=small', fullUrl='https://pbs.twimg.com/media/DagdInFWsAA8pzi?format=jpg&name=large')]",microsoft,"Image describes The image is a white background with a green text that reads ""Ctrl + Shift + /"". The green text is displayed in a bold font, making it stand out against the white background."
299902,299903,2018-07-25 04:37:06,1161,"Two moms were scolded for breastfeeding at a pool last week. But days later, more than a dozen others joined them to nurse in protest <hyperlink> <hyperlink>",CNN,"[Photo(previewUrl='https://pbs.twimg.com/media/Di7LOl5W4AUuFh3?format=jpg&name=small', fullUrl='https://pbs.twimg.com/media/Di7LOl5W4AUuFh3?format=jpg&name=large')]",cnn,"Image describes The image features a large group of women sitting on the grass, with a total of 12 people visible. They are all holding babies, with a total of 11 babies in the scene. The women are arranged in a semi-circle formation, creating a sense of community and togetherness.

The background of the image includes a few cars parked nearby, with a total of 8 cars visible. The cars are positioned at various distances from the group of women and babies, adding to the outdoor setting of the scene."
299903,299904,2019-10-23 12:15:06,0,Mbappe Smashes Messi‚Äôs Record <hyperlink> <hyperlink>,IndependentNGR,"[Photo(previewUrl='https://pbs.twimg.com/media/EHj_b2QUUAAlTqx?format=jpg&name=small', fullUrl='https://pbs.twimg.com/media/EHj_b2QUUAAlTqx?format=jpg&name=large')]",independent,"Image describes The image features a young man wearing a blue jacket and a blue shirt. He is smiling and appears to be enjoying himself. The man is standing in front of a crowd of people, who are also present in the scene. The crowd is composed of various individuals, some of whom are closer to the man in blue, while others are further away. The overall atmosphere of the image seems to be lively and social."
299904,299905,2018-03-24 13:00:09,0,The #OpelMokka X might be made for everyday life but it lives for those off-road adventures!  <hyperlink> <hyperlink>,OpelIreland,"[Photo(previewUrl='https://pbs.twimg.com/media/DZDi0GMXcAAIvtu?format=jpg&name=small', fullUrl='https://pbs.twimg.com/media/DZDi0GMXcAAIvtu?format=jpg&name=large')]",opel,"Image describes The image features a white car parked on a road, surrounded by trees. The car is a small SUV with a license plate that reads ""GD0255."" The scene appears to be in black and white, giving it a classic and timeless feel. The car is parked in front of a forest, adding to the serene and peaceful atmosphere of the image."
299905,299906,2018-11-23 09:35:10,617,Your questions answered! ‚ö° Thanks to <mention> and everyone who joined the conversation about the future of energy. Catch-up on the debate here: <hyperlink> #MakeTheFuture <hyperlink>,Shell,"[Photo(previewUrl='https://pbs.twimg.com/media/DsrXy_gX4AAI_1N?format=jpg&name=small', fullUrl='https://pbs.twimg.com/media/DsrXy_gX4AAI_1N?format=jpg&name=large'), Photo(previewUrl='https://pbs.twimg.com/media/DsrXzhgXoAAnym8?format=jpg&name=small', fullUrl='https://pbs.twimg.com/media/DsrXzhgXoAAnym8?format=jpg&name=large'), Photo(previewUrl='https://pbs.twimg.com/media/DsrX0DJWkAAXHVr?format=jpg&name=small', fullUrl='https://pbs.twimg.com/media/DsrX0DJWkAAXHVr?format=jpg&name=large'), Photo(previewUrl='https://pbs.twimg.com/media/DsrX0ixWoAIyKUl?format=jpg&name=small', fullUrl='https://pbs.twimg.com/media/DsrX0ixWoAIyKUl?format=jpg&name=large')]",shell,"Image describes The image features a man and a woman sitting on chairs, engaged in a conversation. The man is wearing a white shirt, while the woman is dressed in a red shirt. Both of them are sitting on stools, with the man on the left side and the woman on the right side of the image.

The setting appears to be a casual gathering or a meeting, as there are several cups placed around the room. One cup is located near the man, another one is closer to the woman, and the third cup is situated further away from them. The overall atmosphere seems to be relaxed and friendly, with the two individuals enjoying their time together."
299906,299907,2020-01-10 16:01:32,1,Sen. Enoh Defends Nomination On APC‚Äôs National Reconciliation Committee <hyperlink> <hyperlink>,IndependentNGR,"[Photo(previewUrl='https://pbs.twimg.com/media/EN7o3EUUUAAz-rw?format=jpg&name=small', fullUrl='https://pbs.twimg.com/media/EN7o3EUUUAAz-rw?format=jpg&name=large')]",independent,"Image describes The image features a man wearing a suit and tie, sitting in a red chair. The man is wearing glasses and appears to be smiling for the camera. The suit is blue, and the tie is purple. The chair is positioned in the foreground, with the man occupying most of the frame. The scene suggests a professional or formal setting."
299907,299908,2020-04-28 14:47:34,1,COVID-19: Osun Awaits Result Of 30 Samples From NCDC <hyperlink> <hyperlink>,IndependentNGR,"[Photo(previewUrl='https://pbs.twimg.com/media/EWstOOCU0AIh-D-?format=jpg&name=small', fullUrl='https://pbs.twimg.com/media/EWstOOCU0AIh-D-?format=jpg&name=large')]",independent,"Image describes The image features a man sitting at a desk, wearing a suit and tie. He appears to be a businessman or a politician, as he is holding papers and talking into a microphone. The man is wearing glasses, and there is a framed picture on the wall behind him.

The room has a chair positioned near the desk, and there are several books scattered around the area. The man's suit is gray, and he is wearing a pink shirt. The scene conveys a sense of professionalism and importance, as the man is engaged in a conversation or presentation."
299908,299909,2018-07-01 19:41:26,355,Wimby ready üí™üí™ 5th on tomorrow #teaminbest <mention> <mention> üêøüêøüêøüêø <hyperlink>,cam_norrie,"[Photo(previewUrl='https://pbs.twimg.com/media/DhC0DVoW4AUBcvD?format=jpg&name=small', fullUrl='https://pbs.twimg.com/media/DhC0DVoW4AUBcvD?format=jpg&name=large')]",cameron,"Image describes The image features two men standing on a tennis court, posing for a picture. They are both wearing white shirts and white shorts, and they are standing next to each other. The tennis court is surrounded by a green field, and there are several tennis balls scattered around the area.

In addition to the two main tennis players, there are a few other people in the scene, some of whom are also wearing white shirts and shorts. There are also a few chairs placed around the court, possibly for resting or watching the game."
299909,299910,2020-07-24 00:40:12,63,Privy Council Office launches workplace investigation of Governor General's office over harassment claims <hyperlink> #ottnews #ottawa <hyperlink>,CBCOttawa,"[Photo(previewUrl='https://pbs.twimg.com/media/Edptl4BXgAEdQJS?format=jpg&name=small', fullUrl='https://pbs.twimg.com/media/Edptl4BXgAEdQJS?format=jpg&name=large')]",cbc,"Image describes The image features a woman with long, curly hair standing in front of a white background. She is wearing a black jacket, which adds a contrasting color to the scene. The woman appears to be looking off into the distance, possibly deep in thought or observing something. The overall atmosphere of the image is calm and focused."
299910,299911,2019-10-10 08:30:05,0,"Oil Prices Drop For Trade In U.S, China <hyperlink> <hyperlink>",IndependentNGR,"[Photo(previewUrl='https://pbs.twimg.com/media/EGgPQ3wU0AUMZgL?format=jpg&name=small', fullUrl='https://pbs.twimg.com/media/EGgPQ3wU0AUMZgL?format=jpg&name=large')]",independent,"Image describes The image features a large stack of red barrels, likely oil barrels, piled up next to each other. The barrels are arranged in a tall and orderly manner, creating a visually striking scene. The red color of the barrels stands out against the background, drawing attention to the impressive display. The barrels are of various sizes, with some being taller and others shorter, adding to the overall visual interest of the scene."
299911,299912,2019-11-13 09:01:17,131,This is what my grandparents see at Christmas when I remind them I don‚Äôt eat meat <hyperlink>,austinwilliamsw,"[Photo(previewUrl='https://pbs.twimg.com/media/EJPcdF0WoAAR4tK?format=jpg&name=small', fullUrl='https://pbs.twimg.com/media/EJPcdF0WoAAR4tK?format=jpg&name=large')]",williams,"Image describes The image features a man with a shaved head and tattoos on his arms. He is wearing a grey shirt and has the word ""animal"" tattooed on his right arm. The man is standing in a room with a dining table and a chair nearby. There are also a few knives placed on the table, and a cup can be seen on the table as well."
299912,299913,2020-07-12 13:00:07,187,Down to the finest detail. <hyperlink>,ASTROGaming,"[Photo(previewUrl='https://pbs.twimg.com/media/Ecuj3UcXkAMyNSs?format=jpg&name=small', fullUrl='https://pbs.twimg.com/media/Ecuj3UcXkAMyNSs?format=jpg&name=large')]",astro,"Image describes The image features a black and gray PlayStation 4 controller, also known as a DualShock controller, sitting on a white background. The controller has a sleek design and is equipped with two thumbsticks, which are the primary input devices for the game controller. The controller's buttons are also visible, including the D-pad, A, B, X, and O buttons, as well as the Plus and Minus buttons. The combination of black and gray colors on the controller creates a visually appealing contrast against the white background."
299913,299914,2020-10-05 14:00:00,2598,"The survivors are on the brink, but they have a secret weapon. Stream Maggie‚Äôs return to #TWD now: <hyperlink> <hyperlink>",WalkingDead_AMC,"[Photo(previewUrl='https://pbs.twimg.com/media/EjgwTwyXgAIneGA?format=jpg&name=small', fullUrl='https://pbs.twimg.com/media/EjgwTwyXgAIneGA?format=jpg&name=large')]",amc,"Image describes The image features a group of people standing together, with a man wearing a hat and a woman wearing a hat and a jacket. The man is smiling and touching the woman's face, possibly giving her a kiss. The woman is also smiling, indicating a friendly or affectionate interaction between them.

The scene appears to be set in a dark environment, with the people standing close to each other. The man's hat is brown, and the woman's hat is black. The woman is wearing a black jacket, and the man's jacket is black as well."
299914,299915,2018-06-27 14:00:19,98,Are you ready? üé∂ <hyperlink>,TRVLRSseries,"[Photo(previewUrl='https://pbs.twimg.com/media/Dgs_n0JXcAA5hLy?format=jpg&name=small', fullUrl='https://pbs.twimg.com/media/Dgs_n0JXcAA5hLy?format=jpg&name=large')]",travelers,"Image describes The image features a man sitting in a chair, playing a musical instrument, possibly a violin or a cello. He is wearing a black jacket and has a beard. The man appears to be focused on his performance, possibly practicing or performing for an audience.

The room has a few books scattered around, with some placed on the floor and others on a surface nearby. There is also a clock on the wall, indicating the time. The overall atmosphere of the image suggests a creative and artistic environment."
299915,299916,2019-03-09 15:00:00,7,"Parking lots for today‚Äôs match are now open! Please see the map below for free parking options, or visit our website: <hyperlink> <hyperlink>",ToyotaStadiumTX,"[Photo(previewUrl='https://pbs.twimg.com/media/D1EhNZ4WwAE6Wh3?format=jpg&name=small', fullUrl='https://pbs.twimg.com/media/D1EhNZ4WwAE6Wh3?format=jpg&name=large')]",toyota,"Image describes The image is a blue and white map of a parking lot, which is located near a stadium. The parking lot is filled with various vehicles, including cars and trucks. The vehicles are parked in different sections of the lot, with some closer to the stadium and others further away. The map also shows the layout of the parking spaces and their designated areas, making it easier for visitors to find their spots."
299916,299917,2020-02-25 12:00:05,8916,"SPECIAL FILM | HAPPY ROCKY DAY 'Yummy'

‚ñ∂ <hyperlink>

#ÏïÑÏä§Ìä∏Î°ú #ASTRO #ÎùºÌÇ§ #ROCKY #HappyROCKYday #Yummy <hyperlink>",ASTRO_Staff,"[Photo(previewUrl='https://pbs.twimg.com/media/ERnquMTU0AA1tf0?format=jpg&name=small', fullUrl='https://pbs.twimg.com/media/ERnquMTU0AA1tf0?format=jpg&name=large')]",astro,"Image describes The image features a young man wearing a pink hoodie, standing in front of a cake. The cake is placed on a table, and the man appears to be holding it. The cake is white, and there are candles on it, suggesting it might be a birthday celebration. The man is smiling, and the overall scene seems to be a happy and joyful moment."
299917,299918,2019-09-03 02:00:07,538,What would you like to see done now about the climate crisis? 10 presidential candidates weigh in. An Unprecedented Democratic Presidential Town Hall Event - Climate Crisis: Wednesday starting at 5 p.m. ET #ClimateTownHall <hyperlink>,CNN,"[Photo(previewUrl='https://pbs.twimg.com/media/EDgTL0-XUAQKH-k?format=jpg&name=small', fullUrl='https://pbs.twimg.com/media/EDgTL0-XUAQKH-k?format=jpg&name=large')]",cnn,"Image describes The image features a group of six people, each wearing a suit and tie, standing next to each other. They are all smiling and appear to be posing for a picture. The people are arranged in a row, with three on the left side and three on the right side. The background is black, which provides a strong contrast to the well-dressed individuals. The color scheme of the image is predominantly red, white, and black, giving it a bold and striking appearance."
299918,299919,2020-01-21 09:21:06,1,"Singer, Beyonce Appreciates Fans For Braving The Elements For Ivy Park Launch <hyperlink> <hyperlink>",IndependentNGR,"[Photo(previewUrl='https://pbs.twimg.com/media/EOy2soRU8AEvHsF?format=jpg&name=small', fullUrl='https://pbs.twimg.com/media/EOy2soRU8AEvHsF?format=jpg&name=large')]",independent,"Image describes The image features a man and a woman standing next to each other, both wearing black and red outfits. The man is wearing a suit and tie, while the woman is dressed in a red dress. They are both clapping, possibly at an event or performance. The man is wearing a black bow tie, which adds a touch of elegance to his outfit. The woman's dress is adorned with a necklace, further enhancing her appearance. The scene captures a moment of shared enjoyment and appreciation for the occasion."
299919,299920,2019-05-26 17:09:33,133,".<mention>  and <mention>, my two heads of internal and external security, at the United Nations Economic Forum -  8th of April of this year. I could not attend myself because the U.S. would arrest me on the way to the U.N. The unreal madness of my world! <hyperlink>",officialmcafee,"[Photo(previewUrl='https://pbs.twimg.com/media/D7gkWZ-XYAAeZ3X?format=jpg&name=small', fullUrl='https://pbs.twimg.com/media/D7gkWZ-XYAAeZ3X?format=jpg&name=large')]",mcafee,"Image describes The image is a collage of four different pictures, each featuring a man in a suit and tie. The man in the first picture is wearing a suit and tie, and he is sitting at a desk with a microphone in front of him. The man in the second picture is also wearing a suit and tie, and he is sitting at a desk with a laptop in front of him. The third picture shows a man in a suit and tie standing in front of a podium, and the fourth picture features a man in a suit and tie sitting in a chair.

The collage is set against a backdrop of a room with a dining table and chairs. There are several other people in the room, some of whom are wearing ties. The room also contains a few books and a cell phone. The overall color scheme of the image is predominantly black and white, with the man in the suit and tie being the main focus."
299920,299921,2020-03-30 07:41:25,1575,A police officer is wearing a coronavirus helmet to warn people to stay inside during India's lockdown <hyperlink> <hyperlink>,cnni,"[Photo(previewUrl='https://pbs.twimg.com/media/EUV1kviXkAETq_A?format=jpg&name=small', fullUrl='https://pbs.twimg.com/media/EUV1kviXkAETq_A?format=jpg&name=large'), Photo(previewUrl='https://pbs.twimg.com/media/EUV1k2hWsAAma1j?format=jpg&name=small', fullUrl='https://pbs.twimg.com/media/EUV1k2hWsAAma1j?format=jpg&name=large'), Photo(previewUrl='https://pbs.twimg.com/media/EUV1k-8WkAAH8mD?format=jpg&name=small', fullUrl='https://pbs.twimg.com/media/EUV1k-8WkAAH8mD?format=jpg&name=large')]",cnn,"Image describes The image features a person wearing a unique and colorful mask. The mask is predominantly red and has a striking design, possibly resembling a red octopus or a red crab. The person wearing the mask is standing in front of a car, and there are other people in the scene as well. One person is standing close to the car, while another person is located further back in the scene. The overall atmosphere of the image is vibrant and eye-catching due to the bright colors and the unusual mask."
299921,299922,2020-04-12 19:00:01,55,"See how easy it is to add the beauty of a gradient to the background of your app.

<mention> walks you through the NuGet package for #Xamarin: <hyperlink> <hyperlink>",VisualStudio,"[Photo(previewUrl='https://pbs.twimg.com/media/EVbNkM2X0Ao_B8M?format=jpg&name=small', fullUrl='https://pbs.twimg.com/media/EVbNkM2X0Ao_B8M?format=jpg&name=large')]",microsoft,"Image describes The image features a collection of colorful images, including a purple image and a blue image. The purple image is located on the left side of the image, while the blue image is situated on the right side. The image also includes a few other images, making it a diverse and visually appealing display."
299922,299923,2019-10-25 12:17:36,0,"‚ÄòI‚Äôm On My Knees‚Äô, Arsenal Fans React After Mourinho‚Äôs Presence At Emirates <hyperlink> <hyperlink>",IndependentNGR,"[Photo(previewUrl='https://pbs.twimg.com/media/EHuTL6nU0AAxLLf?format=jpg&name=small', fullUrl='https://pbs.twimg.com/media/EHuTL6nU0AAxLLf?format=jpg&name=large')]",independent,"Image describes The image features a group of people sitting in a stadium, likely watching a game or event. They are sitting on a red bench, which is located in the middle of the scene. The people are positioned in various orientations, with some facing the front and others looking to the side.

In the background, there are several chairs scattered around the area, possibly for additional seating or for other spectators. The overall atmosphere of the scene suggests a lively event, with people gathered to enjoy the occasion."
299923,299924,2019-01-29 20:58:56,718,"""Empire"" actor Jussie Smollett was attacked early Tuesday morning in what Chicago police are calling a possible hate crime. Smollett was attacked by two people ""yelling out racial and homophobic slurs,"" according to police. <hyperlink> <hyperlink>",CNN,"[Photo(previewUrl='https://pbs.twimg.com/media/DyG2123WoAAAL_3?format=jpg&name=small', fullUrl='https://pbs.twimg.com/media/DyG2123WoAAAL_3?format=jpg&name=large')]",cnn,"Image describes The image features a man with curly hair, wearing a black shirt. He is standing in front of a blue background, which appears to be a wall. The man's hair is curly and he has a beard, giving him a distinctive appearance."
299924,299925,2020-02-17 09:24:37,1,Coronavirus: China Set To Postpone Important Political Event <hyperlink> <hyperlink>,IndependentNGR,"[Photo(previewUrl='https://pbs.twimg.com/media/EQ96bUAU0AAArYC?format=jpg&name=small', fullUrl='https://pbs.twimg.com/media/EQ96bUAU0AAArYC?format=jpg&name=large')]",independent,"Image describes The image features a man sitting at a table, holding a large stack of papers. He is wearing a suit and tie, indicating a formal setting. The man appears to be focused on the papers, possibly preparing for a meeting or discussing important documents. The table is covered with a blue cloth, and the man is surrounded by several other people, some of whom are also wearing ties. The scene suggests a professional environment, possibly a conference or a business meeting."
299925,299926,2019-05-04 15:34:54,198,<mention> Stunning finish to take the Win! #VamosHeretics üî•#ASTROfamily <hyperlink>,ASTROGamingUK,"[Photo(previewUrl='https://pbs.twimg.com/media/D5u7q77WwAEGjLE?format=jpg&name=small', fullUrl='https://pbs.twimg.com/media/D5u7q77WwAEGjLE?format=jpg&name=large')]",astro,"Image describes The image features a group of five young men sitting on a couch, all wearing matching uniforms. They are smiling and laughing together, creating a joyful atmosphere. The uniforms consist of black and white shirts, and the men are also wearing black pants. The couch they are sitting on is brown, providing a warm and comfortable setting for their gathering."
299926,299927,2018-01-01 21:45:03,742,"Pope Francis uses New Year's Day address to highlight struggles of migrants and refugees: ""Please do not extinguish the hope in their hearts"" <hyperlink> <hyperlink>",CNN,"[Photo(previewUrl='https://pbs.twimg.com/media/DSfIlsBU8AAxCxI?format=jpg&name=small', fullUrl='https://pbs.twimg.com/media/DSfIlsBU8AAxCxI?format=jpg&name=large')]",cnn,"Image describes The image features a man wearing a white robe, standing behind a glass barrier. He is waving his hand, possibly greeting someone or acknowledging an event. The man appears to be a religious figure, as he is dressed in a robe and is waving from a podium. The scene is predominantly white, with the man's robe and the glass barrier being the main colors. The man's hand is raised, and he seems to be the main focus of the image."
299927,299928,2020-09-21 09:20:35,51,"Get ready for this üòç üîú <mention> tackles his book collecting obsessions in an epic tale of bookstores, (travelling by train, bus, car and foot), authors (favourite and otherwise), editions and rarities, colour-coded shelving and, of course, those delicious white spines. <hyperlink>",saltpublishing,"[Photo(previewUrl='https://pbs.twimg.com/media/EibXXM_XkAEfj8S?format=jpg&name=small', fullUrl='https://pbs.twimg.com/media/EibXXM_XkAEfj8S?format=jpg&name=large')]",independent,"Image describes The image features a bookshelf with a collection of books. The books are arranged in a row, with some books stacked on top of each other. The books are white, and they are placed on a white surface. The books are of various sizes, and they are neatly organized on the shelf."
299928,299929,2019-06-21 20:18:18,152,Always comforting when she stares intensely at the empty space right behind me for minutes at a time. <hyperlink>,MovieHooligan,"[Photo(previewUrl='https://pbs.twimg.com/media/D9nHtVNU8AAWJhy?format=jpg&name=small', fullUrl='https://pbs.twimg.com/media/D9nHtVNU8AAWJhy?format=jpg&name=large'), Photo(previewUrl='https://pbs.twimg.com/media/D9nHstXUYAABs97?format=jpg&name=small', fullUrl='https://pbs.twimg.com/media/D9nHstXUYAABs97?format=jpg&name=large'), Photo(previewUrl='https://pbs.twimg.com/media/D9nIA2iU4AAZkFQ?format=jpg&name=small', fullUrl='https://pbs.twimg.com/media/D9nIA2iU4AAZkFQ?format=jpg&name=large')]",bell,"Image describes The image features a close-up of a black cat with yellow eyes. The cat appears to be staring at something, possibly a camera or a person. The cat's eyes are the most prominent feature of the image, as they are bright yellow and stand out against the black fur. The cat is positioned in the center of the frame, and its gaze is directed towards the viewer, creating an intense and captivating visual experience."
299929,299930,2018-11-23 08:50:42,41,Bradley Cooper directed A Star is Born fake drunk too <hyperlink> <hyperlink>,TheIndyFilm,"[Photo(previewUrl='https://pbs.twimg.com/media/DsrNoxhXcAAC2WX?format=jpg&name=small', fullUrl='https://pbs.twimg.com/media/DsrNoxhXcAAC2WX?format=jpg&name=large')]",independent,"Image describes The image features a man with long hair, wearing headphones and listening to music. He is standing in a dimly lit room, possibly in a darkened environment. The man appears to be focused on the music, possibly enjoying a concert or a personal playlist. The headphones are positioned on the man's head, and the room's lighting creates a somewhat mysterious atmosphere."
299930,299931,2019-03-01 19:18:00,260,I‚Äôd like to thank everyone who has helped me reach this incredible milestone in my life. <hyperlink>,MandyBell02,"[Photo(previewUrl='https://pbs.twimg.com/media/D0mJBYeVAAEPGns?format=jpg&name=small', fullUrl='https://pbs.twimg.com/media/D0mJBYeVAAEPGns?format=jpg&name=large')]",bell,"Image describes The image features a white poster with a blue background. The poster displays a picture of a ping pong paddle and a baseball glove, along with the words ""The 2019 Good Year, AZ Forrest Gump Ping Pong Champion Mandy Bell."" The poster is placed on top of a table, and there is a small sign underneath it. The color scheme of the poster consists of blue, white, and red, with the red being the most prominent color in the design."
299931,299932,2020-10-18 22:00:02,162,"Good news, C devs. 

With Visual Studio 2019 version 16.8 Preview 3, we are officially supporting the latest ISO C language standards.

Get the details: <hyperlink> <hyperlink>",VisualStudio,"[Photo(previewUrl='https://pbs.twimg.com/media/EkpLP7eXEAE34Cp?format=jpg&name=small', fullUrl='https://pbs.twimg.com/media/EkpLP7eXEAE34Cp?format=jpg&name=large')]",microsoft,"Image describes The image features a laptop screen with a purple background. The screen displays a menu with various options, including ""C++ Team"" and ""VC++ 2017."" The laptop screen is open, and the options are clearly visible. The overall color scheme of the image is predominantly purple, with some white text and other elements."
299932,299933,2018-06-27 18:30:36,1,"10 Tips for Branding, Blogging and Social Media Marketing - <hyperlink> <hyperlink>",SmallBizLady,"[Photo(previewUrl='https://pbs.twimg.com/media/Dgt9fLtUYAAgNa0?format=jpg&name=small', fullUrl='https://pbs.twimg.com/media/Dgt9fLtUYAAgNa0?format=jpg&name=large')]",emerson,"Image describes The image features a white background with a group of colorful social media icons arranged in a circle. The icons are of various sizes and are placed at different positions around the circle. The colors of the icons include red, blue, pink, yellow, and orange. The arrangement of the icons creates a visually appealing and vibrant display, showcasing the different social media platforms."
299933,299934,2018-03-28 17:15:02,2,Come check out Edmund Brumaghin at the #NABShow as he talks the potential of cyber risks during live broadcasts and how to fend them off: #CyberCPS17 <mention> <hyperlink>,CiscoSP360,"[Photo(previewUrl='https://pbs.twimg.com/media/DZZDgw1WAAArukB?format=jpg&name=small', fullUrl='https://pbs.twimg.com/media/DZZDgw1WAAArukB?format=jpg&name=large')]",cisco,"Image describes The image features a man with a beard and glasses, wearing a blue hat. He is standing in front of a laptop, which is placed on a desk. The man appears to be focused on the laptop screen, possibly working or browsing the internet. The background of the image is predominantly white, with a red and black logo in the top left corner. The overall color scheme of the image is primarily white, with the man's hat and the laptop screen providing the main contrasting colors."
299934,299935,2020-06-12 10:08:33,0,"COVID-19: Buhari Challenges Scientists On Solutions As Humanity, Nigeria‚Äôs Democracy Under Threat <hyperlink> <hyperlink>",IndependentNGR,"[Photo(previewUrl='https://pbs.twimg.com/media/EaTc52fU8AELIGO?format=jpg&name=small', fullUrl='https://pbs.twimg.com/media/EaTc52fU8AELIGO?format=jpg&name=large')]",independent,"Image describes The image features a person wearing a blue glove and holding a small, clear plastic tube. The person is wearing a mask, which suggests that they are taking precautions while handling the tube. The tube appears to be filled with a liquid, possibly a vaccine or a sample. The blue glove and mask indicate that the person is likely a medical professional or someone handling potentially hazardous materials."
299935,299936,2020-04-25 10:42:25,273,"Make I come greet your father , make I come meet your Mother üò©ü¶ã #LoveNobody <hyperlink> <hyperlink>",thisisWurlD,"[Photo(previewUrl='https://pbs.twimg.com/media/EWcYVc3XYAEwT_t?format=jpg&name=small', fullUrl='https://pbs.twimg.com/media/EWcYVc3XYAEwT_t?format=jpg&name=large')]",free,"Image describes The image features a man with blue hair, wearing a black jacket. He is standing in a room with a painting on the wall behind him. The room has a window, and the man appears to be looking out of it. The overall color scheme of the image is predominantly black and white, with the blue hair of the man being the only colorful element in the scene."
299936,299937,2019-12-27 19:28:04,0,Lagos Govt. Promises To Protect Residents‚Äô Choice Of Religion <hyperlink> <hyperlink>,IndependentNGR,"[Photo(previewUrl='https://pbs.twimg.com/media/EM0R38-VAAAYn3e?format=jpg&name=small', fullUrl='https://pbs.twimg.com/media/EM0R38-VAAAYn3e?format=jpg&name=large')]",independent,"Image describes The image features a group of men sitting next to each other, with some of them wearing turbans. They appear to be engaged in a discussion or reading a book together. The men are dressed in white, and one of them is wearing a hat. The scene is set in a room with a chair, and there are several books scattered around the area. The men are also wearing ties, which adds to the formal appearance of the gathering."
299937,299938,2020-03-26 17:18:25,16,"<mention> Too narrow.

With a can of Crisco,
However ...

You can manage
To get the head of your member up a nostril.

Takes a few hours of nostril stretching...

But doable. <hyperlink>",officialmcafee,"[Photo(previewUrl='https://pbs.twimg.com/media/EUDTRGmWoAA-n0B?format=jpg&name=small', fullUrl='https://pbs.twimg.com/media/EUDTRGmWoAA-n0B?format=jpg&name=large')]",mcafee,"Image describes The image features a woman with a distinctive nose, wearing a red and black plaid shirt. She is looking at the camera with a smirk on her face. The woman is positioned in the center of the image, and her outfit is the main focus of the scene. The image has a black and white color scheme, which adds a classic and timeless feel to the photo."
299938,299939,2019-04-16 08:57:17,2151,Start em young üí™üèæ <hyperlink>,SonnyBWilliams,"[Video(thumbnailUrl='https://pbs.twimg.com/ext_tw_video_thumb/1118075791814774784/pu/img/LSGs7poThv3zW0ZW.jpg', variants=[VideoVariant(contentType='video/mp4', url='https://video.twimg.com/ext_tw_video/1118075791814774784/pu/vid/320x180/BxOtTreQizrEP7r3.mp4?tag=8', bitrate=256000), VideoVariant(contentType='video/mp4', url='https://video.twimg.com/ext_tw_video/1118075791814774784/pu/vid/640x360/fWkDqQV-rixkBMpu.mp4?tag=8', bitrate=832000), VideoVariant(contentType='video/mp4', url='https://video.twimg.com/ext_tw_video/1118075791814774784/pu/vid/1280x720/Vu0dTvMt-k4Xex9R.mp4?tag=8', bitrate=2176000), VideoVariant(contentType='application/x-mpegURL', url='https://video.twimg.com/ext_tw_video/1118075791814774784/pu/pl/Fa2AlWfEgQ0HsGAG.m3u8?tag=8', bitrate=None)], duration=19.463, views=58224)]",williams,There is nothing here
299939,299940,2020-02-26 10:03:36,3,"Calling all #Pistachio lovers‚Ä¶ 
Happy National Pistachio Day! #NationalPistachioDay <hyperlink>",TimHortonsGCC,"[Photo(previewUrl='https://pbs.twimg.com/media/ERsZoiKWoAEuvcT?format=jpg&name=small', fullUrl='https://pbs.twimg.com/media/ERsZoiKWoAEuvcT?format=jpg&name=large')]",tim hortons,"Image describes The image features a person holding a green frosted doughnut with sprinkles on it. The doughnut is placed on a white plate, which is situated on a dining table. The person is sitting at the table, and there is a cup nearby, possibly containing a drink. The dining table occupies most of the scene, and the person's hand can be seen holding the doughnut. The green frosting on the doughnut stands out against the white plate and the table, creating a visually appealing contrast."
299940,299941,2020-09-19 05:56:06,1419,Taught myself to color with 12 days to go until the deadline for the <mention> graphic novel. So excited for everyone to see and read the story of volume one x <hyperlink>,EmersonBarrett,"[Photo(previewUrl='https://pbs.twimg.com/media/EiQYgo7U0AItAFD?format=jpg&name=small', fullUrl='https://pbs.twimg.com/media/EiQYgo7U0AItAFD?format=jpg&name=large')]",emerson,"Image describes The image is a black and white drawing of a castle with a tall tower. The castle is surrounded by a moat, and there are plants growing on the walls, adding a touch of greenery to the scene. The castle has a large doorway, and the overall atmosphere of the image is quite dramatic and artistic."
299941,299942,2019-04-09 13:07:48,4721,"Red v Blue and White. The Biggest Stage. <mention> v <mention>.

Get ready. It's almost time. 

#NBFootball <hyperlink>",NBFootball,"[Video(thumbnailUrl='https://pbs.twimg.com/ext_tw_video_thumb/1115602071560941569/pu/img/O9rbOibNg2Eyvpet.jpg', variants=[VideoVariant(contentType='application/x-mpegURL', url='https://video.twimg.com/ext_tw_video/1115602071560941569/pu/pl/8MaSredHfMER11_J.m3u8?tag=8', bitrate=None), VideoVariant(contentType='video/mp4', url='https://video.twimg.com/ext_tw_video/1115602071560941569/pu/vid/320x400/ByHCaCVLRfmiaC9j.mp4?tag=8', bitrate=632000), VideoVariant(contentType='video/mp4', url='https://video.twimg.com/ext_tw_video/1115602071560941569/pu/vid/360x450/w8APUoYM7_g11bnr.mp4?tag=8', bitrate=832000), VideoVariant(contentType='video/mp4', url='https://video.twimg.com/ext_tw_video/1115602071560941569/pu/vid/720x900/xxuBtkqMoz1ybtih.mp4?tag=8', bitrate=2176000)], duration=8.24, views=112053)]",new balance,There is nothing here
299942,299943,2020-08-12 10:25:34,0,Barcelona Confirm Player Tests Positive To COVID-19 Ahead Of Bayern Clash <hyperlink> <hyperlink>,IndependentNGR,"[Photo(previewUrl='https://pbs.twimg.com/media/EfNpx6FVoAMsDbq?format=jpg&name=small', fullUrl='https://pbs.twimg.com/media/EfNpx6FVoAMsDbq?format=jpg&name=large')]",independent,"Image describes The image captures a group of soccer players on a field, with some of them celebrating and others looking downward. The players are wearing red and blue uniforms, which are the primary colors in the scene. In addition to the players, there are several people in the background, some of whom are also wearing red and blue uniforms.

A few of the players are holding cell phones, likely capturing the moment or communicating with others. There are also a couple of handbags visible in the scene, one near the center and another towards the right side. The atmosphere appears to be lively and energetic, as the players celebrate their achievements on the field."
299943,299944,2020-08-13 03:50:01,139,"You showed me life
A new horizon
A silver lining
A brand new day
And I‚Äôm like oh I can‚Äôt find the words to say

Indescribable ‚Äî available everywhere this Friday <hyperlink>",youngandfree,"[Photo(previewUrl='https://pbs.twimg.com/media/EfRY1VnX0AEZ7Np?format=jpg&name=small', fullUrl='https://pbs.twimg.com/media/EfRY1VnX0AEZ7Np?format=jpg&name=large')]",free,"Image describes The image features a pink background with a white circle in the center. The circle is filled with a sunset scene, which includes a beach and ocean. The sunset is depicted with a sun in the middle, surrounded by a sky with clouds. The overall color scheme of the image is predominantly pink and white, creating a visually appealing and calming atmosphere."
299944,299945,2020-09-29 05:53:30,86,Remember to cough or sneeze into your arm or tissue. Bin the tissue and wash your hands afterwards. #MetroBackOnTrack <hyperlink>,OfficialDMRC,"[Photo(previewUrl='https://pbs.twimg.com/media/EjD3z-NU4AE16jt?format=jpg&name=small', fullUrl='https://pbs.twimg.com/media/EjD3z-NU4AE16jt?format=jpg&name=large')]",metro,"Image describes The image is a white and blue illustration featuring a woman wearing a face mask. The woman is standing next to a box of tissues, which is placed on the right side of the image. The illustration also includes a hand holding a tissue, indicating that the woman is using the tissue to cover her mouth. The overall color scheme of the image is predominantly white and blue, with the woman's face mask being the only colored element in the scene."
299945,299946,2018-10-22 11:37:39,198,'Headless chicken sea monster' filmed for first time near Antarctica <hyperlink>,Independent,"[Video(thumbnailUrl='https://pbs.twimg.com/media/DqHA1FCWwAARnMJ.jpg', variants=[VideoVariant(contentType='video/mp4', url='https://video.twimg.com/amplify_video/1054334904316633091/vid/240x240/0x5m4XUok_iinzQB.mp4?tag=8', bitrate=288000), VideoVariant(contentType='video/mp4', url='https://video.twimg.com/amplify_video/1054334904316633091/vid/720x720/17niEU-gfsQ1fdQj.mp4?tag=8', bitrate=1280000), VideoVariant(contentType='video/mp4', url='https://video.twimg.com/amplify_video/1054334904316633091/vid/480x480/L3TXY03yB5hzF_xf.mp4?tag=8', bitrate=832000), VideoVariant(contentType='application/x-mpegURL', url='https://video.twimg.com/amplify_video/1054334904316633091/pl/6C-90oSKKwH8C8Xb.m3u8?tag=8', bitrate=None)], duration=33.84, views=45922)]",independent,There is nothing here
299946,299947,2019-07-14 01:16:58,4,Came all the way from Philadelphia to see <mention> on Broadway tonight thanks to the #blackout show was canceled <hyperlink>,SmallBizLady,"[Photo(previewUrl='https://pbs.twimg.com/media/D_ZgOExXsAENqLV?format=jpg&name=small', fullUrl='https://pbs.twimg.com/media/D_ZgOExXsAENqLV?format=jpg&name=large')]",emerson,"Image describes The image features a man with a microphone, standing on a stage. He is wearing a white shirt and appears to be a comedian or a performer. The background of the image is predominantly yellow, which adds a vibrant and lively atmosphere to the scene. The man is holding the microphone to his mouth, possibly preparing to speak or sing."
299947,299948,2020-02-18 22:22:09,510,"Sen. Chris Van Hollen on President Trump's pardons: ""This is President Trump totally unleashed after he got out of the impeachment trial, and what we are seeing is President Trump ‚Äî despite what he said during the campaign ‚Äî is now the ultimate swamp monster"" <hyperlink>",CNNPolitics,"[Video(thumbnailUrl='https://pbs.twimg.com/media/ERF16lXXkAAULTJ.jpg', variants=[VideoVariant(contentType='application/x-mpegURL', url='https://video.twimg.com/amplify_video/1229893826107629568/pl/JAPpN1qruRYHfd00.m3u8?tag=13&v=d67', bitrate=None), VideoVariant(contentType='video/mp4', url='https://video.twimg.com/amplify_video/1229893826107629568/vid/480x270/qtWUkQp-af5YVnSk.mp4?tag=13', bitrate=288000), VideoVariant(contentType='video/mp4', url='https://video.twimg.com/amplify_video/1229893826107629568/vid/640x360/RdnJTBl1zcMHTAYJ.mp4?tag=13', bitrate=832000), VideoVariant(contentType='video/mp4', url='https://video.twimg.com/amplify_video/1229893826107629568/vid/960x540/VboAAGZ7vAWCDXBI.mp4?tag=13', bitrate=2176000)], duration=118.952, views=13641)]",cnn,There is nothing here
299948,299949,2018-02-13 02:00:06,1772,#TWD returns Feb 25! Celebrate with Seasons 1 ‚Äì 7 discounted now on <mention> and get #TWDNoMansLand <hyperlink> <hyperlink>,WalkingDead_AMC,"[Photo(previewUrl='https://pbs.twimg.com/media/DVovkWrU8AE0ckL?format=jpg&name=small', fullUrl='https://pbs.twimg.com/media/DVovkWrU8AE0ckL?format=jpg&name=large')]",amc,"Image describes The image is a black and white photograph of a woman holding a sword. She is standing in a room with a white background, and the sword is positioned in front of her. The woman appears to be focused and ready to use the sword, possibly for self-defense or a martial arts practice. The black and white color scheme adds a sense of intensity and drama to the scene."
299949,299950,2019-09-26 03:34:40,5,Golden Knights down 3-0 after two to the JV Avalanche and Shea Theodore left the bench early with a trainer <hyperlink>,J15Emerson,"[Gif(thumbnailUrl='https://pbs.twimg.com/tweet_video_thumb/EFXFY2wVAAAMpx7.jpg', variants=[VideoVariant(contentType='video/mp4', url='https://video.twimg.com/tweet_video/EFXFY2wVAAAMpx7.mp4', bitrate=0)])]",emerson,"GIF describes The image features two men standing in a hallway, engaged in a conversation. One man is wearing a suit and tie, while the other man is wearing a jacket. The man in the suit and tie is bald, and the other man is wearing a tie as well. The scene appears to be a professional or formal setting, with both men dressed appropriately for the occasion."
299950,299951,2018-09-13 21:44:01,0,"Simple, inexpensive devices can improve driving safety for older drivers and lessen the impact of some muscle and joint conditions. Learn more: <hyperlink> #SeniorDriving <hyperlink>",AAASouthJersey,"[Photo(previewUrl='https://pbs.twimg.com/media/DnAVw0WW0AA6yyx?format=jpg&name=small', fullUrl='https://pbs.twimg.com/media/DnAVw0WW0AA6yyx?format=jpg&name=large')]",aaa,"Image describes The image features a car with a steering wheel, and an older person is sitting in the driver's seat. The car is parked, and the person's hand is on the steering wheel, possibly indicating that they are driving or preparing to drive. The car's interior is visible, and the steering wheel is located in the center of the image. The person's hand is positioned towards the right side of the image, with the steering wheel occupying a significant portion of the frame."
299951,299952,2020-04-16 15:00:00,59,"Positive self-talk, regular exercise, establishing a routine, and maintaining close contact with others even when physically separated, are healthy habits we can adopt to take care of our mental health right now. Artwork by <mention>. <hyperlink> #mentalhealthmatters <hyperlink>",HP,"[Photo(previewUrl='https://pbs.twimg.com/media/EVu1sVaWsAAo0lV?format=jpg&name=small', fullUrl='https://pbs.twimg.com/media/EVu1sVaWsAAo0lV?format=jpg&name=large')]",hp,"Image describes The image is a cartoon drawing of a person sitting in a room. The person is sitting on the floor, and there is a bookshelf behind them. The bookshelf is filled with books of various sizes, creating a cozy and intellectual atmosphere. The person is also holding a book, which suggests that they are either reading or have been reading. The room has a yellow color scheme, adding warmth and a sense of comfort to the scene."
299952,299953,2019-11-20 21:13:10,228,"Rookie Ugo Amadi on basically waiting all season for this chance to be regular  nickel DB for #Seahawks: ‚ÄúPatience is a virtue.‚Äù 

Sunday at Philadelphia, that virtue will pay off. <mention> <hyperlink>",gbellseattle,"[Photo(previewUrl='https://pbs.twimg.com/media/EJ2HGaMX0AAFMg1?format=jpg&name=small', fullUrl='https://pbs.twimg.com/media/EJ2HGaMX0AAFMg1?format=jpg&name=large')]",bell,"Image describes The image features a man wearing a blue and green hooded sweatshirt, standing in front of a microphone. He appears to be a football player, as he is wearing a Seahawks jersey. The man is smiling and seems to be engaged in a conversation or interview. The background of the image includes a wall with various logos, possibly related to the sports team or event. The man's outfit and surroundings suggest that he is participating in a sports-related event or promoting a team or organization."
299953,299954,2018-05-31 11:41:10,44,"Nearly 15 years after leaving public office, former PM Jean Chretien joins The Current to talk about about the highs and lows of his political career, and what he sees as Canada's main challenges ahead.

<hyperlink> <hyperlink>",TheCurrentCBC,"[Photo(previewUrl='https://pbs.twimg.com/media/Dehc02rW4AAYBVQ?format=jpg&name=small', fullUrl='https://pbs.twimg.com/media/Dehc02rW4AAYBVQ?format=jpg&name=large')]",cbc,"Image describes The image features an older man wearing a suit and tie, standing in front of a podium. He is giving a speech or making a presentation, as he is holding a microphone to his mouth. The man appears to be passionate about his subject matter, as he has his arms raised in the air.

The man's suit is black, and he is wearing a tie that matches the color of the suit. The tie is visible around his neck, adding a formal touch to his appearance. The podium he is standing in front of is white, and the microphone he is holding is black."
299954,299955,2018-05-13 14:12:22,329,"When you appreciate mother's day, but you've broken free from the toxicity of your family's generations-old drama. <hyperlink>",CharlesPulliam,"[Gif(thumbnailUrl='https://pbs.twimg.com/tweet_video_thumb/DdFS0WlXcAAbXXl.jpg', variants=[VideoVariant(contentType='video/mp4', url='https://video.twimg.com/tweet_video/DdFS0WlXcAAbXXl.mp4', bitrate=0)])]",pm,"GIF describes The image features a close-up of a person's face, with a pink background. The person's face is partially obscured by the pink background, which creates a sense of depth and focuses the viewer's attention on the person's features. The pink background is likely to be a gradient, as it fades from a darker shade of pink towards the edges of the image. The person's face is the main subject of the image, and the pink background adds a touch of color and visual interest to the scene."
299955,299956,2020-01-17 19:46:21,23,"What a FINISH!

#7DAYSMagicMoment <hyperlink>",EuroLeague,"[Video(thumbnailUrl='https://pbs.twimg.com/media/EOgfamBU4AAa5zY.jpg', variants=[VideoVariant(contentType='video/mp4', url='https://video.twimg.com/amplify_video/1218258242783997952/vid/480x270/_RaCpcwCFit9Lh9m.mp4?tag=13', bitrate=288000), VideoVariant(contentType='video/mp4', url='https://video.twimg.com/amplify_video/1218258242783997952/vid/1280x720/SSbDvgu-mxbnw6ZH.mp4?tag=13', bitrate=2176000), VideoVariant(contentType='video/mp4', url='https://video.twimg.com/amplify_video/1218258242783997952/vid/640x360/p0ayZltSBA7L-e9W.mp4?tag=13', bitrate=832000), VideoVariant(contentType='application/x-mpegURL', url='https://video.twimg.com/amplify_video/1218258242783997952/pl/9dAl9KinstdxyZ9r.m3u8?tag=13', bitrate=None)], duration=22.583, views=3766)]",turkish airlines,There is nothing here
299956,299957,2019-01-28 12:47:13,231,"‚ÄúMillennials are 34% of our population. They are the alpha users of technology and mobiles. Be it content consumption, social media or gaming. The new #GalaxyMSeries is especially made for the young generation of India, for our millennials.‚Äù Arjun Bhatia, DGM Samsung India. <hyperlink>",SamsungIndia,"[Photo(previewUrl='https://pbs.twimg.com/media/Dx_8sq5VYAIe0mc?format=jpg&name=small', fullUrl='https://pbs.twimg.com/media/Dx_8sq5VYAIe0mc?format=jpg&name=large')]",samsung,"Image describes The image features a man standing on a stage, wearing a brown jacket. He is positioned in front of a large sign that says ""Mseries."" The man appears to be the main focus of the scene, and he is likely the speaker or presenter at the event. The stage is set up for a presentation or lecture, and the man's attire and the sign suggest that the topic being discussed is related to the ""Mseries."""
299957,299958,2019-01-22 01:02:05,1332,"#10YearChallenge? Here‚Äôs 20. See how our 737 factory in Renton, Wash., home of the fastest selling jet, has changed since 1999. <hyperlink>",BoeingAirplanes,"[Photo(previewUrl='https://pbs.twimg.com/media/DxehxdgWoAIvTMW?format=jpg&name=small', fullUrl='https://pbs.twimg.com/media/DxehxdgWoAIvTMW?format=jpg&name=large'), Photo(previewUrl='https://pbs.twimg.com/media/DxehxqMWwAI3ngs?format=jpg&name=small', fullUrl='https://pbs.twimg.com/media/DxehxqMWwAI3ngs?format=jpg&name=large')]",boeing,"Image describes The image is a black and white photograph of an airplane factory. The factory is filled with numerous airplanes in various stages of construction, with some planes being assembled and others being prepared for flight. The factory floor is bustling with activity, as numerous workers are present, working diligently on the planes.

The airplanes are of different sizes and are scattered throughout the factory, with some positioned closer to the foreground and others further in the background. The workers can be seen in various locations within the factory, some closer to the planes and others further away, all contributing to the busy atmosphere of the factory."
299958,299959,2019-02-01 15:24:27,16,"Sparks are set to fly when speedsters Rabz Maxwane and Yaw Penxe turn up the heat in Saturday‚Äôs <mention> derby in Bloem.

üóì 2 Feb
üïê 16:00
üìå Toyota Stadium

#GuinnessPRO14
#CHEvKIN <hyperlink>",CheetahsRugby,"[Photo(previewUrl='https://pbs.twimg.com/media/DyVHClwXcAAauD2?format=jpg&name=small', fullUrl='https://pbs.twimg.com/media/DyVHClwXcAAauD2?format=jpg&name=large')]",toyota,"Image describes The image features two men standing next to each other, both wearing sports jerseys. They appear to be rugby players, as they are dressed in red and yellow uniforms. The man on the left is wearing a yellow and red jersey, while the man on the right is wearing a red and black jersey. The two men are facing each other, possibly preparing for a match or a friendly competition."
299959,299960,2018-10-10 16:01:50,170,"Ahead of tomorrow's Illegal Wildlife Trade Conference (IWT) in London, Chief Inspector Louise Hubble OBE, Head of <mention>, highlights IWTs importance in implementing strategies to tackle the fight against wildlife crime! #EndWildlifeCrime #DragonsAreComing üêòü¶èü¶çü¶íüêÖü¶Å <hyperlink>",BornFreeFDN,"[Video(thumbnailUrl='https://pbs.twimg.com/ext_tw_video_thumb/1050046253076230144/pu/img/hLv30hGj5by-rD9-.jpg', variants=[VideoVariant(contentType='video/mp4', url='https://video.twimg.com/ext_tw_video/1050046253076230144/pu/vid/640x360/7Vmr5YiXesP1166Y.mp4?tag=5', bitrate=832000), VideoVariant(contentType='video/mp4', url='https://video.twimg.com/ext_tw_video/1050046253076230144/pu/vid/320x180/bWpwWjMRwbeWIHG-.mp4?tag=5', bitrate=256000), VideoVariant(contentType='application/x-mpegURL', url='https://video.twimg.com/ext_tw_video/1050046253076230144/pu/pl/8TgAq5561L7MV7ux.m3u8?tag=5', bitrate=None), VideoVariant(contentType='video/mp4', url='https://video.twimg.com/ext_tw_video/1050046253076230144/pu/vid/1280x720/Hvtx-vhE1fD1AYsa.mp4?tag=5', bitrate=2176000)], duration=65.56, views=6893)]",free,There is nothing here
299960,299961,2019-03-07 19:24:28,192,Congratulations to our own <mention> on being named <mention>'s 'Woman of the Year' at their annual Leadership Awards. <hyperlink> #WomenInTech <hyperlink>,CiscoCanada,"[Photo(previewUrl='https://pbs.twimg.com/media/D1FEC6YX4AAxs5e?format=jpg&name=small', fullUrl='https://pbs.twimg.com/media/D1FEC6YX4AAxs5e?format=jpg&name=large')]",cisco,"Image describes The image features a woman standing in front of a microphone, wearing a black and white shirt. She appears to be speaking into the microphone, possibly giving a speech or presentation. The woman is positioned in the center of the image, with her face and upper body visible.

In the background, there are two flags, one on the left side and the other on the right side of the image. The flags are red and white, and they seem to be hanging or displayed in the background. The woman's presence and the microphone suggest that she is the main focus of the scene, while the flags provide context and a sense of location."
299961,299962,2019-01-19 20:00:14,76,There should be no barriers to gaining an education. <mention> provides global tech training so everyone can learn‚Äîno matter where they live or who they are. #GenderEquality #BeTheBridge <hyperlink>,Cisco,"[Video(thumbnailUrl='https://pbs.twimg.com/amplify_video_thumb/1086714919750418432/img/kB8Ba3qENGXS55iT.jpg', variants=[VideoVariant(contentType='video/mp4', url='https://video.twimg.com/amplify_video/1086714919750418432/vid/320x180/DFmJLrNmOi1pQowZ.mp4?tag=9', bitrate=288000), VideoVariant(contentType='video/mp4', url='https://video.twimg.com/amplify_video/1086714919750418432/vid/640x360/SQQzAyu1dewCxK6w.mp4?tag=9', bitrate=832000), VideoVariant(contentType='application/x-mpegURL', url='https://video.twimg.com/amplify_video/1086714919750418432/pl/ZIXbkACfyuvMjnxx.m3u8?tag=9', bitrate=None), VideoVariant(contentType='video/mp4', url='https://video.twimg.com/amplify_video/1086714919750418432/vid/1280x720/DgQTtUx4H6nqxCf6.mp4?tag=9', bitrate=2176000)], duration=11.958, views=3626)]",cisco,There is nothing here
299962,299963,2019-11-08 14:09:01,0,During deer season‚ÄîOctober-December‚Äîthere's a dramatic increase in deer-vehicle collisions. A long blast on your horn may frighten large animals away from your vehicle.  #AAAInsurance <hyperlink>,AAASouthJersey,"[Photo(previewUrl='https://pbs.twimg.com/media/EI2y8f6XsAA4idG?format=jpg&name=small', fullUrl='https://pbs.twimg.com/media/EI2y8f6XsAA4idG?format=jpg&name=large')]",aaa,"Image describes The image features a snow-covered road with two deer running across it. The deer are positioned close to each other, with one deer slightly ahead of the other. The road appears to be a highway, and the deer are running in the middle of the road. The scene is captured in black and white, which adds a timeless and artistic quality to the image."
299963,299964,2019-12-12 00:02:02,14,"We recently sat down with directors Benny and Josh Safdie to hear more about their new film <mention> üíé. Find out what they told us!

Full Story: <hyperlink> <hyperlink>",AMCArtisanFilms,"[Photo(previewUrl='https://pbs.twimg.com/media/ELi3JChVAAAwDPf?format=jpg&name=small', fullUrl='https://pbs.twimg.com/media/ELi3JChVAAAwDPf?format=jpg&name=large')]",amc,"Image describes The image features a man wearing a leather jacket and glasses, holding up a gold necklace. He is surrounded by a variety of gold jewelry, including several gold chains and a gold watch. The man appears to be showcasing the necklace, possibly in a store or at a jewelry event. The scene is predominantly in shades of gold, with the man's leather jacket and the gold jewelry pieces standing out as the main colors."
299964,299965,2020-03-12 00:12:05,0,UK Wealth Manager Agrees ¬£25m Acquisition <hyperlink> <hyperlink>,IndependentNGR,"[Photo(previewUrl='https://pbs.twimg.com/media/ES3iHdsU0AEozqk?format=jpg&name=small', fullUrl='https://pbs.twimg.com/media/ES3iHdsU0AEozqk?format=jpg&name=large')]",independent,"Image describes The image features a large pile of American 100 dollar bills, with a total of 13 bills visible. The bills are stacked on top of each other, creating a visually striking display of wealth. The color of the bills is predominantly green, which is the standard color for American currency. The bills are arranged in a way that showcases their value and prominence, making the image an impressive representation of financial success."
299965,299966,2018-06-15 22:10:42,48,Jean jacket Friday at The Current. Let‚Äôs get this weekend started. <hyperlink>,TheCurrentCBC,"[Photo(previewUrl='https://pbs.twimg.com/media/Dfw8xjHUYAAinbs?format=jpg&name=small', fullUrl='https://pbs.twimg.com/media/Dfw8xjHUYAAinbs?format=jpg&name=large')]",cbc,"Image describes The image features a group of four women standing next to each other, all wearing blue jean jackets. They are smiling and posing for a picture. The women are positioned in a row, with one woman slightly in front of the others.

The room they are in has a few chairs, one located on the left side of the image and another on the right side. A handbag can be seen placed on the floor near the right side of the image. The women's outfits and the overall atmosphere of the scene suggest a casual, friendly gathering."
299966,299967,2020-09-20 15:01:02,12,Bring the party home. #TrollsWorldTour is on sale for 35% off at #AMCTheatresOnDemand! Watch now: <hyperlink> <hyperlink>,AMCTheatres,"[Photo(previewUrl='https://pbs.twimg.com/media/EiXe1MeVgAAD_wm?format=jpg&name=small', fullUrl='https://pbs.twimg.com/media/EiXe1MeVgAAD_wm?format=jpg&name=large')]",amc,"Image describes The image features a vibrant and colorful scene with three main characters from the Trolls movie. The characters are standing on a platform, and they are all wearing colorful outfits. The first character is a pink troll, the second is a blue troll, and the third is a green troll. The background of the image is a mix of purple and blue colors, creating a visually appealing and lively atmosphere. The characters are positioned in such a way that they are all facing the camera, showcasing their unique and eye-catching appearances."
299967,299968,2018-08-02 22:30:15,72,Ireland make history at Women's Hockey World Cup after dramatic penalty shoot-out win secures first ever semi-final <hyperlink> <hyperlink>,IndoSport,"[Photo(previewUrl='https://pbs.twimg.com/media/DjoNkk3WwAAEU8N?format=jpg&name=small', fullUrl='https://pbs.twimg.com/media/DjoNkk3WwAAEU8N?format=jpg&name=large')]",independent,"Image describes The image depicts a group of women celebrating on a blue field. They are wearing green and white uniforms, and they are hugging each other in a joyful manner. There are at least eleven women visible in the scene, with some of them standing closer to the foreground and others further in the background. The field appears to be a sports field, possibly a soccer or hockey field, given the presence of multiple players. The women are spread out across the field, with some standing closer to the edges and others more towards the center."
299968,299969,2018-11-07 15:14:56,166,"""We can help #cities help manage their tourism efforts. It‚Äôs about how we partner with the public and private sector to enable residents and visitors to move around the city more efficiently.""¬†Mike Froman¬†<mention> #NewEconForum <hyperlink>",MastercardNews,"[Photo(previewUrl='https://pbs.twimg.com/media/DraMJneUUAEMLO3?format=jpg&name=small', fullUrl='https://pbs.twimg.com/media/DraMJneUUAEMLO3?format=jpg&name=large')]",mastercard,"Image describes The image features two men sitting on chairs, engaged in a conversation. They are both wearing suits, with one man wearing a blue suit and the other wearing a black suit. Both men are wearing ties, which are visible as they sit.

The chairs they are sitting on are white, and there are two cups placed on a surface nearby. The cups are positioned close to each other, suggesting that they might be enjoying a drink during their discussion."
299969,299970,2019-04-10 11:34:00,95,"We all have the same inalienable human rights. You, me, everyone ‚Äì no exceptions.

#StandUp4HumanRights #LGBTI <hyperlink>",free_equal,"[Photo(previewUrl='https://pbs.twimg.com/media/D3tu62eUwAEB64v?format=jpg&name=small', fullUrl='https://pbs.twimg.com/media/D3tu62eUwAEB64v?format=jpg&name=large')]",free,"Image describes The image features a diverse group of people standing on a platform or a hill, with some of them holding their hands up. The people are of different heights and positions, creating a sense of unity and togetherness. The background is a pink sky, which adds a vibrant and lively atmosphere to the scene. The people are wearing various outfits, showcasing their individuality and the inclusive nature of the gathering."
299970,299971,2020-06-27 12:31:53,278,"Here‚Äôs how we‚Äôll start things off today in the BayArena! 

#B04M05 <hyperlink>",bayer04_en,"[Photo(previewUrl='https://pbs.twimg.com/media/EbhNjVjWsAITz67?format=jpg&name=small', fullUrl='https://pbs.twimg.com/media/EbhNjVjWsAITz67?format=jpg&name=large')]",bayer,"Image describes The image is a close-up of a red background with a list of names written on it. The names are displayed in white text, making them stand out against the red background. The list appears to be a roster of players, possibly for a soccer team."
299971,299972,2018-09-09 05:30:05,839,"Students at Luck High School in Wisconsin got a huge surprise when, on the first day of classes, an area businessman offered to pay for every graduating senior to attend a two-year technical college <hyperlink> <hyperlink>",CNN,"[Photo(previewUrl='https://pbs.twimg.com/media/DmoQfMbX4AA7SW0?format=jpg&name=small', fullUrl='https://pbs.twimg.com/media/DmoQfMbX4AA7SW0?format=jpg&name=large')]",cnn,"Image describes The image depicts a large group of people gathered in a gymnasium. The crowd is seated on various chairs and benches, with some people standing as well. The chairs are spread throughout the scene, with some closer to the foreground and others further back. The benches are also placed in different areas of the gymnasium, providing ample seating for the attendees.

The crowd appears to be engaged in an event or activity, as they are all focused on a specific point in the gym. The people are wearing different clothing, with some individuals wearing ties, indicating a more formal or semi-formal gathering. The overall atmosphere of the scene suggests a sense of community and shared interest among the attendees."
299972,299973,2020-03-15 09:00:05,84,Who would you take night diving with you? üì∑ Instagram user 'maxwellhohn' üí¶ diver: 'r.keat' <hyperlink>,PADI,"[Photo(previewUrl='https://pbs.twimg.com/media/ETI3vIgWAAAhAEI?format=jpg&name=small', fullUrl='https://pbs.twimg.com/media/ETI3vIgWAAAhAEI?format=jpg&name=large')]",padi,"Image describes The image features a person wearing a black wetsuit and a black shirt, diving underwater in a dark environment. The person is holding a light, which illuminates the area around them. The light casts a blue glow, creating a visually striking scene. The person appears to be looking up, possibly observing something above them or simply enjoying the view. The overall color palette of the image is predominantly dark, with the blue light providing the main source of illumination."
299973,299974,2018-12-17 13:56:06,60,Ireland boss Mick McCarthy to seek talks with potential Ireland recruit Patrick Bamford <hyperlink> <hyperlink>,IndoSport,"[Photo(previewUrl='https://pbs.twimg.com/media/Dun5sweXQAMlRVc?format=jpg&name=small', fullUrl='https://pbs.twimg.com/media/Dun5sweXQAMlRVc?format=jpg&name=large')]",independent,"Image describes The image features a man wearing a white shirt with a blue number on it. He is standing on a field, possibly a soccer field, and appears to be looking at something in the distance. The man's shirt has a logo on it, which could be a sports team or organization. The field is surrounded by a crowd of people, some of whom are also wearing white shirts. The scene suggests that the man might be a soccer player or a participant in a sports event."
299974,299975,2020-09-03 13:21:04,1272,GAME ON. RS-Dreamer Super Mario 64 drops tomorrow 10AM EST. <hyperlink>,PUMAHoops,"[Video(thumbnailUrl='https://pbs.twimg.com/ext_tw_video_thumb/1301510482591973383/pu/img/YbNiSD5x8j-UeGY_.jpg', variants=[VideoVariant(contentType='application/x-mpegURL', url='https://video.twimg.com/ext_tw_video/1301510482591973383/pu/pl/VzF6-NGGrdoBr6eN.m3u8?tag=10', bitrate=None), VideoVariant(contentType='video/mp4', url='https://video.twimg.com/ext_tw_video/1301510482591973383/pu/vid/640x360/8AQhAtyLoXxoWaDU.mp4?tag=10', bitrate=832000), VideoVariant(contentType='video/mp4', url='https://video.twimg.com/ext_tw_video/1301510482591973383/pu/vid/480x270/RMHNbkFcEuaW9AWt.mp4?tag=10', bitrate=256000), VideoVariant(contentType='video/mp4', url='https://video.twimg.com/ext_tw_video/1301510482591973383/pu/vid/1280x720/bDmXvxaYohgEsfKs.mp4?tag=10', bitrate=2176000)], duration=15.015, views=52743)]",puma,There is nothing here
299975,299976,2020-01-10 15:37:36,0,How Pompeo Convinced Trump To Kill General Soleimani <hyperlink> <hyperlink>,IndependentNGR,"[Photo(previewUrl='https://pbs.twimg.com/media/EN7jYeIU0AErvEB?format=jpg&name=small', fullUrl='https://pbs.twimg.com/media/EN7jYeIU0AErvEB?format=jpg&name=large')]",independent,"Image describes The image features a man wearing a suit and tie, with a green tie that stands out. He appears to be a politician or a government official, as he is looking into the camera with a stern expression. The man is wearing a suit jacket, and his tie is prominently visible. The background of the image is blurry, focusing on the man and his attire."
299976,299977,2019-12-07 16:28:04,0,Chelsea Didn‚Äôt Match Everton‚Äôs Physicality ‚Äì Lampard <hyperlink> <hyperlink>,IndependentNGR,"[Photo(previewUrl='https://pbs.twimg.com/media/ELMo4HsVUAAbr0A?format=jpg&name=small', fullUrl='https://pbs.twimg.com/media/ELMo4HsVUAAbr0A?format=jpg&name=large')]",independent,"Image describes The image features a man with short black hair, wearing a black jacket and a white shirt. He is standing in a room with a black background, possibly a stadium or an indoor sports facility. The man appears to be focused on something, possibly watching a sports event or a game."
299977,299978,2019-08-30 11:21:59,2070,Getting a bird's-eye view of these beauties üëå Looking down on <mention> and <mention>'s latest lids üáßüá™ #BelgianGP <hyperlink>,redbullracing,"[Photo(previewUrl='https://pbs.twimg.com/media/EDNtanBXsAAitiT?format=jpg&name=small', fullUrl='https://pbs.twimg.com/media/EDNtanBXsAAitiT?format=jpg&name=large'), Photo(previewUrl='https://pbs.twimg.com/media/EDNtanCW4AAtROX?format=jpg&name=small', fullUrl='https://pbs.twimg.com/media/EDNtanCW4AAtROX?format=jpg&name=large')]",red bull,"Image describes The image features a close-up view of a helmet, likely used by a race car driver. The helmet is predominantly yellow, with orange and blue accents. The yellow color is the most prominent, covering a significant portion of the helmet. The orange and blue colors can be seen in smaller areas, adding contrast and visual interest to the helmet design."
299978,299979,2020-03-06 03:33:03,1433,"Federal judge blasts Attorney General William Barr for Mueller report rollout, asks if it was meant to help President Trump <hyperlink> <hyperlink>",CNNPolitics,"[Photo(previewUrl='https://pbs.twimg.com/media/ESZWkwMX0AEDVcZ?format=jpg&name=small', fullUrl='https://pbs.twimg.com/media/ESZWkwMX0AEDVcZ?format=jpg&name=large')]",cnn,"Image describes The image is a split-screen photo featuring two men wearing suits and ties. Both men are wearing glasses, and their ties are visible. The man on the left is wearing a blue tie, while the man on the right is wearing a red tie. The men are standing next to each other, with one man positioned slightly behind the other. The background of the image is dark, which adds emphasis to the two men in the foreground."
299979,299980,2018-07-11 13:01:02,3,"#Ask the expert about the best practices and strategies to organize, monitor and troubleshoot the connectivity of smart devices #IoT <hyperlink> <hyperlink>",CiscoCommunity,"[Photo(previewUrl='https://pbs.twimg.com/media/Dh04UBPX0AEyExG?format=jpg&name=small', fullUrl='https://pbs.twimg.com/media/Dh04UBPX0AEyExG?format=jpg&name=large')]",cisco,"Image describes The image features a woman standing on a street, holding a tablet computer in her hands. She is wearing a pink shirt and appears to be focused on her device. The scene also includes a motorcycle parked nearby, and a bus can be seen in the background. The woman's outfit consists of a white sweater and a backpack, which is placed close to her. The overall color scheme of the image is predominantly blue, with the woman's shirt and the backpack being the main sources of this color."
299980,299981,2019-11-30 12:40:07,0,Real Madrid Consider Huge Swap Deal For Arsenal Striker <hyperlink> <hyperlink>,IndependentNGR,"[Photo(previewUrl='https://pbs.twimg.com/media/EKnxk0iU4AEiUYC?format=jpg&name=small', fullUrl='https://pbs.twimg.com/media/EKnxk0iU4AEiUYC?format=jpg&name=large')]",independent,"Image describes The image features a group of soccer players standing on a field, hugging each other in a circle. They are all wearing white and red uniforms, which are the team colors. The players are gathered together, possibly celebrating a victory or showing support for each other. The scene captures the camaraderie and team spirit among the soccer players."
299981,299982,2018-07-22 13:08:00,144,The founding of this <mention> club and the role it has played in the lives of its members is a tale of young people who‚Äôve refused to let conflict stifle their dreams. <hyperlink>,Rotary,"[Video(thumbnailUrl='https://pbs.twimg.com/amplify_video_thumb/1009228703577051141/img/U9SajqOPRmZjyAHf.jpg', variants=[VideoVariant(contentType='video/mp4', url='https://video.twimg.com/amplify_video/1009228703577051141/vid/240x240/NZaaXbVoCeLAVbma.mp4?tag=2', bitrate=320000), VideoVariant(contentType='video/mp4', url='https://video.twimg.com/amplify_video/1009228703577051141/vid/720x720/twAkxwGM2e-xzhyt.mp4?tag=2', bitrate=1280000), VideoVariant(contentType='application/x-mpegURL', url='https://video.twimg.com/amplify_video/1009228703577051141/pl/veU5bIsqXgByE1qW.m3u8?tag=2', bitrate=None), VideoVariant(contentType='video/mp4', url='https://video.twimg.com/amplify_video/1009228703577051141/vid/480x480/I8cwWop8aQjd0ILG.mp4?tag=2', bitrate=832000)], duration=67.083, views=175970)]",rotary international,There is nothing here
299982,299983,2019-12-27 17:13:54,8,"A man FULL of confidence!

<mention> with the no-look DIME üëÄ

#7DAYSMagicMoment <hyperlink>",EuroLeague,"[Video(thumbnailUrl='https://pbs.twimg.com/media/EMzzIxrUcAAbNqF.jpg', variants=[VideoVariant(contentType='video/mp4', url='https://video.twimg.com/amplify_video/1210609733725347843/vid/480x270/-FX2y1xEMf9dEUgM.mp4?tag=13', bitrate=288000), VideoVariant(contentType='video/mp4', url='https://video.twimg.com/amplify_video/1210609733725347843/vid/640x360/XjbQISmwV_OLnonF.mp4?tag=13', bitrate=832000), VideoVariant(contentType='application/x-mpegURL', url='https://video.twimg.com/amplify_video/1210609733725347843/pl/FfzFP3ZAANeZA1-D.m3u8?tag=13', bitrate=None), VideoVariant(contentType='video/mp4', url='https://video.twimg.com/amplify_video/1210609733725347843/vid/1280x720/dcIaPaTUrL4TkYk3.mp4?tag=13', bitrate=2176000)], duration=21.16, views=4333)]",turkish airlines,There is nothing here
299983,299984,2020-04-09 16:01:30,63,"'It has been a whirlwind' - Meet the 19-year-old rugby league star from Balbriggan taking England by storm
<hyperlink> <mention> <hyperlink>",IndoSport,"[Photo(previewUrl='https://pbs.twimg.com/media/EVLH8IaUYAAofMM?format=jpg&name=small', fullUrl='https://pbs.twimg.com/media/EVLH8IaUYAAofMM?format=jpg&name=large')]",independent,"Image describes The image features two men wearing green and yellow shirts. The man on the left is wearing a green shirt with a yellow logo, while the man on the right is wearing a green shirt with a red logo. Both men are standing next to each other, possibly posing for a picture. The green shirts are the main focus of the image, as they are the dominant color in the scene."
299984,299985,2020-06-24 16:30:07,779,"Did you know that the volume of air inside an airplane cabin is exchanged every 2-3 minutes and flows from ceiling to floor?

Learn how this helps protect your health and well-being while flying: <hyperlink> <hyperlink>",BoeingAirplanes,"[Photo(previewUrl='https://pbs.twimg.com/media/EbSnUE1WoAExE3k?format=jpg&name=small', fullUrl='https://pbs.twimg.com/media/EbSnUE1WoAExE3k?format=jpg&name=large')]",boeing,"Image describes The image features a large white airplane flying through a blue sky. The airplane has a blue tail, which stands out against the clear blue background. The plane is flying high up in the sky, possibly on a clear day with good visibility."
299985,299986,2019-10-09 17:59:33,0,"NDDC Still Implementing 2018 Budget As FG, Others Owe N2.7trn <hyperlink> <hyperlink>",IndependentNGR,"[Photo(previewUrl='https://pbs.twimg.com/media/EGdIA8TVAAEPa5N?format=jpg&name=small', fullUrl='https://pbs.twimg.com/media/EGdIA8TVAAEPa5N?format=jpg&name=large')]",independent,"Image describes The image features a green background with the letters ""NDDC"" written in white. The letters are arranged in a way that resembles a logo or a name for an organization. The green background provides a strong contrast to the white text, making it easily readable and visually appealing."
299986,299987,2018-08-10 17:27:09,55,".„ÄÄ             ‚îÉ„ÄÄ
 „ÄÄ             ‚îÉ„ÄÄ„ÄÄ„ÄÄ
„ÄÄ              ‚îÉ
Director of <mention> 
„ÄÄ„ÄÄ‚îè‚îÅ‚îÅ‚ïã‚îÅ‚îÅ
„ÄÄ„ÄÄ‚îÉ„ÄÄ„ÄÄ‚îÉ
‚îÅ‚îÅ‚ïã‚îÅ‚îÅ‚îõ
„ÄÄ„ÄÄ‚îÉ
<mention> on reading reviews of your work 
„ÄÄ„ÄÄ‚îÉ
„ÄÄ„ÄÄ‚îÉ
„ÄÄ„ÄÄ‚îÉ
read the full interview here ‚û• <hyperlink> <hyperlink>",thecreativeindp,"[Photo(previewUrl='https://pbs.twimg.com/media/DkQUwYrU4AAiIYd?format=jpg&name=small', fullUrl='https://pbs.twimg.com/media/DkQUwYrU4AAiIYd?format=jpg&name=large')]",independent,"Image describes The image features a blue background with a white quote displayed on it. The quote is written by Boots Riley and is a motivational message. The blue color of the background is quite prominent, making the white text stand out and be easily readable."
299987,299988,2018-06-05 16:52:54,115,From <mention> <hyperlink>,officialmcafee,"[Photo(previewUrl='https://pbs.twimg.com/media/De8UJCwUYAEu4Ts?format=jpg&name=small', fullUrl='https://pbs.twimg.com/media/De8UJCwUYAEu4Ts?format=jpg&name=large')]",mcafee,"Image describes The image features a man wearing a gold necklace and a gold bracelet. He is also wearing a headband and has a mohawk hairstyle. The man is standing in front of a blue background, which adds a contrasting color to the scene. The overall appearance of the man suggests that he is a hipster or a person with a unique sense of style."
299988,299989,2018-05-19 19:29:40,841,A big wedding calls for a great hat. <mention> takes a look at the best #royalwedding headgear <hyperlink> <hyperlink>,CNN,"[Photo(previewUrl='https://pbs.twimg.com/media/DdlU_bUVMAI726l?format=jpg&name=small', fullUrl='https://pbs.twimg.com/media/DdlU_bUVMAI726l?format=jpg&name=large'), Photo(previewUrl='https://pbs.twimg.com/media/DdlU_p5V0AAxTVE?format=jpg&name=small', fullUrl='https://pbs.twimg.com/media/DdlU_p5V0AAxTVE?format=jpg&name=large'), Photo(previewUrl='https://pbs.twimg.com/media/DdlU_37V0AAnMxd?format=jpg&name=small', fullUrl='https://pbs.twimg.com/media/DdlU_37V0AAnMxd?format=jpg&name=large'), Photo(previewUrl='https://pbs.twimg.com/media/DdlVAEXVwAABgt9?format=jpg&name=small', fullUrl='https://pbs.twimg.com/media/DdlVAEXVwAABgt9?format=jpg&name=large')]",cnn,"Image describes The image features a woman wearing a green hat with a feather on it. She is also wearing a green dress and a pearl necklace. The woman is standing in front of a building, possibly a church, and appears to be looking at the camera. The scene is set in a sunny outdoor environment, with the woman's outfit and the hat providing a stylish and elegant appearance."
299989,299990,2019-02-16 15:26:21,6028,More Breaking News! <hyperlink>,w_terrence,"[Photo(previewUrl='https://pbs.twimg.com/media/DziXVdoWoAElwkk?format=jpg&name=small', fullUrl='https://pbs.twimg.com/media/DziXVdoWoAElwkk?format=jpg&name=large')]",williams,"Image describes The image features a man with a beard and a black hat, who is wearing a black shirt. He is holding a bottle in his hand. The man appears to be the main subject of the image.

There are also other people in the scene, with one person located to the left of the main subject and another person on the right side. The background of the image is predominantly white, which contrasts with the black hat the man is wearing. The overall color scheme of the image is primarily black, white, and gray."
299990,299991,2020-12-17 19:45:01,174,"I'm incredibly pumped for #XFL alum <mention>

He‚Äôs been working his ass off to get his shot kicking balls in the NFL with the #Broncos this weekend #PatMcAfeeShowLIVE <hyperlink>",PatMcAfeeShow,"[Video(thumbnailUrl='https://pbs.twimg.com/amplify_video_thumb/1339657298034225152/img/cRokF6TQm2YU1vK2.jpg', variants=[VideoVariant(contentType='video/mp4', url='https://video.twimg.com/amplify_video/1339657298034225152/vid/480x270/jSzdD7nE_HnlTfQ4.mp4?tag=13', bitrate=288000), VideoVariant(contentType='video/mp4', url='https://video.twimg.com/amplify_video/1339657298034225152/vid/640x360/ZO5Vb4tZMfmUmFAf.mp4?tag=13', bitrate=832000), VideoVariant(contentType='video/mp4', url='https://video.twimg.com/amplify_video/1339657298034225152/vid/1280x720/HiZ5P84OIWzCvUDw.mp4?tag=13', bitrate=2176000), VideoVariant(contentType='application/x-mpegURL', url='https://video.twimg.com/amplify_video/1339657298034225152/pl/veu3X6dkRQP4REI2.m3u8?tag=13', bitrate=None)], duration=215.634, views=26184)]",mcafee,There is nothing here
299991,299992,2018-03-21 22:00:02,75,"New to Immersive Reader: Picture Dictionary, Custom Parts-of-Speech Colors and Roaming Settings. Try them today and let us know which feature you're most excited about! #dyslexia #AssistiveTech #MicrosoftEDU <hyperlink> <hyperlink>",MicrosoftEDU,"[Photo(previewUrl='https://pbs.twimg.com/media/DY2BnO4WkAE0pV_?format=png&name=small', fullUrl='https://pbs.twimg.com/media/DY2BnO4WkAE0pV_?format=png&name=large')]",microsoft,"Image describes The image is a close-up of a computer screen displaying a textbook passage. The screen is blue, and the text is in black. The passage is about landforms, and there is a highlighted section that reads ""which new IGI reader feature is most exciting to students."" The highlighted text is also in black, and it stands out against the blue background."
299992,299993,2019-04-08 14:19:25,187,"Fam: welcome home, are you tired?
Me:Nah I ain‚Äôt tired.... I don‚Äôt get tired... 
also me: <hyperlink>",camjordan94,"[Gif(thumbnailUrl='https://pbs.twimg.com/tweet_video_thumb/D3oxGPQU8AUwBGw.jpg', variants=[VideoVariant(contentType='video/mp4', url='https://video.twimg.com/tweet_video/D3oxGPQU8AUwBGw.mp4', bitrate=0)])]",cameron,"GIF describes The image features a cartoon cat with a sleepy expression. The cat is gray and black in color, with a white chin. It is sitting in a yellow background, which adds a contrasting color to the scene. The cat appears to be looking tired or sleepy, possibly after a long day of playing or exploring."
299993,299994,2020-12-31 01:40:12,236,"<mention> Back To The Future
Keep Tom Wilson (Biff) only <hyperlink>",MattWi77iams,"[Gif(thumbnailUrl='https://pbs.twimg.com/tweet_video_thumb/Eqh5sr0XEAMPMdO.jpg', variants=[VideoVariant(contentType='video/mp4', url='https://video.twimg.com/tweet_video/Eqh5sr0XEAMPMdO.mp4', bitrate=0)])]",williams,"GIF describes The image is a black and white photo of a group of people gathered around a man who is sitting down. One man is standing behind the sitting man and appears to be playfully shoving his head into the other man's face. There are two other people in the scene, one on the left side and another on the right side of the image.

In the background, there is a car partially visible on the left side of the image. Additionally, there is a cup placed on a surface, possibly a table, in the lower left corner of the photo."
299994,299995,2018-04-10 12:29:11,591,"#CasterSemenya has won a gold medal in the 1500 metres at the 
#CommonWealthGames in Australia. She set a new Games record of 4 minutes 0.71 seconds, also her own personal best. <hyperlink>",SABCNews,"[Photo(previewUrl='https://pbs.twimg.com/media/Daa-wUuXUAA9Hyn?format=jpg&name=small', fullUrl='https://pbs.twimg.com/media/Daa-wUuXUAA9Hyn?format=jpg&name=large')]",sabc,"Image describes The image features a woman wearing a yellow and green outfit, standing in front of a flag. She is holding the flag in her hands, possibly celebrating or showing pride in her country. The flag is predominantly red, white, and green, with a few black accents. The woman appears to be the main focus of the scene, and her outfit and the flag create a strong visual connection to her country."
299995,299996,2019-09-07 16:18:10,0,Barcelona Star Expected To Return Against Valencia <hyperlink> <hyperlink>,IndependentNGR,"[Photo(previewUrl='https://pbs.twimg.com/media/ED397wUUYAEOV4K?format=jpg&name=small', fullUrl='https://pbs.twimg.com/media/ED397wUUYAEOV4K?format=jpg&name=large')]",independent,"Image describes The image features a group of men wearing soccer uniforms, standing close to each other and celebrating. They are all wearing blue and red jerseys, with one of the men wearing a jersey that says ""Messi."" The group is composed of at least five individuals, with some of them hugging each other as they celebrate. The men are spread out across the scene, with some standing closer to the foreground and others further in the background. The overall atmosphere of the image is joyful and celebratory, as the soccer players are enjoying their victory."
299996,299997,2018-02-23 11:24:36,46,"Kjeld Nuis of #NED is golden again... This time in the men's 1000m, beating Haavard Lorentzen's time by just 4 one hundredths of a second üò≥ <hyperlink>",CBCOlympics,"[Video(thumbnailUrl='https://pbs.twimg.com/media/DWt21i8VMAE69_F.jpg', variants=[VideoVariant(contentType='video/mp4', url='https://video.twimg.com/amplify_video/966997154354012160/vid/320x180/FSJeo9GcXO6x-67d.mp4', bitrate=320000), VideoVariant(contentType='video/mp4', url='https://video.twimg.com/amplify_video/966997154354012160/vid/1280x720/9yK3vQ2koM-5qcPW.mp4', bitrate=2176000), VideoVariant(contentType='video/mp4', url='https://video.twimg.com/amplify_video/966997154354012160/vid/640x360/e1Y3puSt2n2ytI36.mp4', bitrate=832000), VideoVariant(contentType='application/x-mpegURL', url='https://video.twimg.com/amplify_video/966997154354012160/pl/UZrS09jrRVjzhaPM.m3u8', bitrate=None)], duration=19.209, views=14583)]",cbc,There is nothing here
299997,299998,2020-11-11 20:18:15,261,Grateful üôåüèæ to have <mention> officially join <mention>! üî• <hyperlink>,TeamCoachBuzz,"[Photo(previewUrl='https://pbs.twimg.com/media/EmkaGpzXIAEyHg8?format=jpg&name=small', fullUrl='https://pbs.twimg.com/media/EmkaGpzXIAEyHg8?format=jpg&name=large')]",williams,"Image describes The image features a man wearing a white and maroon basketball jersey, which has the number one on it. The man is standing in a defensive stance, ready to play. The background of the image is red, and there are multiple sports balls scattered around the scene. The man's jersey is predominantly white, with maroon accents, and he appears to be a professional basketball player."
299998,299999,2019-10-29 10:44:00,119,"The US Air Force's mysterious space plane just landed after a record breaking 780 days in orbit, and no one knows what it was doing up there <hyperlink>",Independent,"[Video(thumbnailUrl='https://pbs.twimg.com/media/EICgLEQWwAIt3Qr.jpg', variants=[VideoVariant(contentType='video/mp4', url='https://video.twimg.com/amplify_video/1189125883723997186/vid/480x480/1QCxbiGKMPp8W5Hb.mp4?tag=13', bitrate=832000), VideoVariant(contentType='video/mp4', url='https://video.twimg.com/amplify_video/1189125883723997186/vid/720x720/w-obS2LnXAnvfrsK.mp4?tag=13', bitrate=1280000), VideoVariant(contentType='application/x-mpegURL', url='https://video.twimg.com/amplify_video/1189125883723997186/pl/tT-GUwH1TXDaGcw5.m3u8?tag=13', bitrate=None), VideoVariant(contentType='video/mp4', url='https://video.twimg.com/amplify_video/1189125883723997186/vid/320x320/6Su1HpPY2Mhz-v9N.mp4?tag=13', bitrate=432000)], duration=62.76, views=19727)]",independent,There is nothing here
299999,300000,2018-08-26 01:19:09,714,"In 1967, he was shot down over Vietnam. By 2008, he was making his second run for the presidency. Here's a look back at the incredible career of US Sen. John McCain, who has died at age 81. <hyperlink> <hyperlink>",cnni,"[Video(thumbnailUrl='https://pbs.twimg.com/ext_tw_video_thumb/1033524048247050240/pu/img/w_iFU32cHnxdP9ej.jpg', variants=[VideoVariant(contentType='application/x-mpegURL', url='https://video.twimg.com/ext_tw_video/1033524048247050240/pu/pl/SITW2b1_K4w3GuaF.m3u8?tag=5', bitrate=None), VideoVariant(contentType='video/mp4', url='https://video.twimg.com/ext_tw_video/1033524048247050240/pu/vid/320x180/jo4QT8fCo6zGv0uW.mp4?tag=5', bitrate=256000), VideoVariant(contentType='video/mp4', url='https://video.twimg.com/ext_tw_video/1033524048247050240/pu/vid/640x360/exjnYGmBplfreBDF.mp4?tag=5', bitrate=832000), VideoVariant(contentType='video/mp4', url='https://video.twimg.com/ext_tw_video/1033524048247050240/pu/vid/1280x720/KNjWQv1V5GQRVpcd.mp4?tag=5', bitrate=2176000)], duration=116.717, views=30475)]",cnn,There is nothing here
